Fuzz Face Jimi Hendrix FFM3;R$ 1.200
Fuzz face Dunlop final dos anos 90s;R$ 1.100
Fuzz Face;R$ 200
Fuzz Face Germanio handmade;R$ 395
Fuzz face FFJM1 Original (grande);R$ 1.300
Fuzz face mini germanium novíssimo;R$ 1.250
MXR - Fuzz Face Hendrix Signature 70th Anniversary;R$ 890
Pedal Fuzz Face Silicon BR Tech TROCO;R$ 180
Pedal fuzz face;R$ 280
Pedal Fuzz Frenzy clone do fuzz face e Big Muff;R$ 189
Pedal Lovepedal Dragon Fuzz! Ññ Fuzz Face Deep Trip;R$ 1.157
Way Huge Havalina Fuzz - Ñ Tone Bender Muff Face Foxx;R$ 1.490
Pedal de guitarra Jim Dunlop Fuzz Face Mini FFM1;R$ 980
Pedal Tom Tone Small Face Ej (ñ Fuzz Face Eric Johnson);R$ 449
Pedal De Guitarra Jim Dunlop Fuzz Face Mini Ffm1;R$ 980
Pedal Behringer Super Fuzz Es Boss Axcess Face Joyo Big Muff;R$ 299
Pedal Fuzz Cosm Fz-5 Boss (guitarra) + Fonte Onerr Pa 2.1;R$ 570
Pedal Fuzz FZ-5 Boss;R$ 750
Ed's Fuzz - Ed's Mod shop;R$ 400
Pedal para Guitarra FZ5 Fuzz Boss na Loja Cheiro de Música;R$ 789
Pedal Guitarra Joyo Fuzz - Voodoo Octave;R$ 300
Pedal Cusack Screamer Fuzz V2;R$ 1.250
Pedal Mooer Blue Faze Fuzz;R$ 525
Boneco mini Beat power Rockers fuzz articulado  em vinil duro sem a guitarra;R$ 35
Wren and Cuff Tri-Pie '70 Fuzz.;R$ 1.000
Pedal Fuhrmann Bass Fuzz;R$ 320
Pedal para Guitarra FZ5 Fuzz Boss Fz-5 Novo Lacrado Loja Física Autorizada;R$ 789
Pedal Caline Fuzzy Face - vodoo Octave;R$ 180
Pedaleira Line6 Hx Effects Para Guitarra;R$ 7.499
Pedais de guitarra;R$ 1.800
Hermida Dover Drive BC178 Eric Johnson + Wampler Belle (ODR-1 Nobels);R$ 2.000
Captador Humbucker Rockfield American;R$ 100
Pedal violão, direct box, equalizador, reverb, emulador, booster, tudo num só pedal;R$ 900
Pedal pedais p/ todo gosto e bolso a partir de 150,00 leia a descrição;R$ 150
Fender Player Plus 2022 Tequila Sunrise Nova(parcelo sem juros);R$ 7.650
Cabo Mono 90 graus ñ Hx stomp Strymon Iridium;R$ 49
Cabo Midi 90 graus Cabo midi L Strymon Hx Stomp Eventide Boss;R$ 49
Encordoamentos Ernie Ball Slinky Originais - 0.10;R$ 65
Coleção Vinil 35 Lps/Discos buy;R$ 249
Pedal Fuhrmann Vintage Chorus na caixa Buy;R$ 250
Pedal EHX Soul Food Overdrive n Klon screamer ts9;R$ 600
Giannini Supersonic 70/80 Gianini Super Sonic Guitarra Ae03 Perfeita com Case de época!;R$ 1.900
Microfone Condensador Profissional SE GM10 - Montável para Violão;R$ 2.400
Guitarra stratocaster Retro Classic Standard Don Grosh 2 singles e 1 humbucker USA case;R$ 16.600
Pedais de guitarra Boss, Joyo, Fuhrmann;R$ 150
Amplificador Fender Champion 100;R$ 2.999
Pedal Electro Harmonix Stereo Electric Mistress;R$ 799
Boss - OD-20;R$ 1.700
Camiseta Puma x Ferrari Scuderia Original;R$ 180
Pedaleira Zoom G1x On K,Boss,pedal,guitarra,kit pedais,efeitos ,deley,reverb,fender.;R$ 500
